/*

  *** IMPORTANT *** Use this script only to populate an *EMPTY* (after running
    lmkp_populate) database!

  This script will populate the following tables:
  - Categories
  - A_Keys
  - A_Values
  - SH_Keys
  - SH_Values
  - Profiles (Madagascar)
  - Stakeholder Roles

  It also links user 1 (admin) with the madagascar profile.

*/

-- CATEGORIES
INSERT INTO data.categories(id, name, type, fk_language, description, fk_category) VALUES
  (1, 'Stakeholder Info', 'stakeholders', 1, NULL, NULL),
  (2, 'External factors influencing stakeholders activities in Madagascar', 'stakeholders', 1, NULL, NULL),
  (3, 'Institutions respected (obsolete)', 'stakeholders', 1, NULL, NULL),
  (4, 'General Information', 'activities', 1, NULL, NULL),
  (5, 'Data source', 'activities', 1, NULL, NULL),
  (6, 'Stakeholder Info', 'activities', 1, NULL, NULL),
  (7, 'Focus of activity', 'activities', 1, NULL, NULL),
  (8, 'Provisioning ecosystem services', 'activities', 1, NULL, NULL),
  (9, 'Regulating ecosystem services', 'activities', 1, NULL, NULL),
  (10, 'Cultural ecosystem services', 'activities', 1, NULL, NULL),
  (11, 'Other information', 'activities', 1, NULL, NULL),
  (12, 'Activity Info', 'activities', 1, NULL, NULL),
  (13, 'Spatial Data', 'activities', 1, NULL, NULL),
  (14, 'Involvement', 'activities', 1, NULL, NULL),
  (15, 'Why this exact location to implement this activity', 'activities', 1, NULL, NULL),
  (16, 'Produce', 'activities', 1, NULL, NULL),
  (17, 'Land rights', 'activities', 1, NULL, NULL),
  (18, 'Population involved', 'activities', 1, NULL, NULL),
  (19, 'Employment', 'activities', 1, NULL, NULL),
  (20, 'Main constraints', 'activities', 1, NULL, NULL),
  (21, 'Reasons for involvement in Madagascar', 'stakeholders', 1, NULL, NULL),
  (22, 'Land use', 'activities', 1, NULL, NULL),
  (23, 'Level of intervention', 'activities', 1, NULL, NULL),
  (24, 'Type of local stakeholder addressed', 'activities', 1, NULL, NULL),
  (25, 'Why Madagascar?', 'stakeholders', 1, NULL, NULL),
  (26, 'External factors', 'stakeholders', 1, NULL, NULL)
;
SELECT setval('data.categories_id_seq', 26, true);

-- A_KEYS
INSERT INTO data.a_keys(id, fk_a_key, fk_language, key, type, helptext, description, validator) VALUES
  (1, NULL, NULL, 'Name of activity', 'String', NULL, NULL, NULL),
  (2, NULL, NULL, 'Detailed focus of activity', 'Checkbox', NULL, NULL, NULL),
  (3, NULL, NULL, 'State of advancement', 'Dropdown', NULL, NULL, NULL),
  (4, NULL, NULL, 'Start date', 'Date', NULL, NULL, NULL),
  (5, NULL, NULL, 'End date', 'Date', NULL, NULL, NULL),
  (6, NULL, NULL, 'Total activity budget (in USD)', 'Number', NULL, NULL, '[0]'),
  (7, NULL, NULL, 'Average annual activity budget (in USD)', 'Number', NULL, NULL, '[0]'),
  (8, NULL, NULL, 'Spatial accuracy of point', 'Dropdown', NULL, NULL, NULL),
  (9, NULL, NULL, 'District', 'InputToken', NULL, NULL, NULL),
  (10, NULL, NULL, 'Commune', 'InputToken', NULL, NULL, NULL),
  (11, NULL, NULL, 'Fokontany', 'String', NULL, NULL, NULL),
  (12, NULL, NULL, 'Data source', 'Dropdown', NULL, NULL, NULL),
  (13, NULL, NULL, 'File', 'File', NULL, NULL, NULL),
  (14, NULL, NULL, 'Date', 'Date', NULL, NULL, NULL),
  (15, NULL, NULL, 'Remark', 'Text', NULL, NULL, NULL),
  (16, NULL, NULL, 'URL / Web', 'String', NULL, NULL, NULL),
  (17, NULL, NULL, 'Goals of activity', 'String', NULL, NULL, NULL),
  (18, NULL, NULL, 'Land use', 'Checkbox', NULL, NULL, NULL),
  (19, NULL, NULL, 'Level of intervention', 'Dropdown', NULL, NULL, NULL),
  (20, NULL, NULL, 'Type of local stakeholder addressed', 'Checkbox', NULL, NULL, NULL),
  (21, NULL, NULL, 'Nobody else was working in this area in our field of interest', 'IntegerDropdown', NULL, NULL, '[1,5]'),
  (22, NULL, NULL, 'The location is easily accessible', 'IntegerDropdown', NULL, NULL, '[1,5]'),
  (23, NULL, NULL, 'The need for this activity is bigger than elsewhere in the country', 'IntegerDropdown', NULL, NULL, '[1,5]'),
  (24, NULL, NULL, 'There was a local demand for our activity', 'IntegerDropdown', NULL, NULL, '[1,5]'),
  (25, NULL, NULL, 'There was a national demand for our activity', 'IntegerDropdown', NULL, NULL, '[1,5]'),
  (26, NULL, NULL, 'Somebody in the organization had personal ties to this location', 'IntegerDropdown', NULL, NULL, '[1,5]'),
  (27, NULL, NULL, 'Other (Why this exact location)', 'IntegerDropdown', NULL, NULL, '[1,5]'),
  (28, NULL, NULL, 'Cultivated crops', 'IntegerDropdown', NULL, NULL, '[1,5]'),
  (29, NULL, NULL, 'Reared animals and their outputs', 'IntegerDropdown', NULL, NULL, '[1,5]'),
  (30, NULL, NULL, 'Wild plants and their outputs', 'IntegerDropdown', NULL, NULL, '[1,5]'),
  (31, NULL, NULL, 'Wild animals and their outputs', 'IntegerDropdown', NULL, NULL, '[1,5]'),
  (32, NULL, NULL, 'Plants from in-situ aquaculture', 'IntegerDropdown', NULL, NULL, '[1,5]'),
  (33, NULL, NULL, 'Animals from in-situ aquaculture', 'IntegerDropdown', NULL, NULL, '[1,5]'),
  (34, NULL, NULL, 'Surface water for drinking', 'IntegerDropdown', NULL, NULL, '[1,5]'),
  (35, NULL, NULL, 'Ground water for drinking', 'IntegerDropdown', NULL, NULL, '[1,5]'),
  (36, NULL, NULL, 'Fibres and other materials from plants, or animals for direct use or processing', 'IntegerDropdown', NULL, NULL, '[1,5]'),
  (37, NULL, NULL, 'Materials from plants, algae and animals for agricultural use', 'IntegerDropdown', NULL, NULL, '[1,5]'),
  (38, NULL, NULL, 'Genetic materials from all biota', 'IntegerDropdown', NULL, NULL, '[1,5]'),
  (39, NULL, NULL, 'Surface water for non-drinking purposes', 'IntegerDropdown', NULL, NULL, '[1,5]'),
  (40, NULL, NULL, 'Ground water for non-drinking purposes', 'IntegerDropdown', NULL, NULL, '[1,5]'),
  (41, NULL, NULL, 'Plant-based resources', 'IntegerDropdown', NULL, NULL, '[1,5]'),
  (42, NULL, NULL, 'Animal-based resources', 'IntegerDropdown', NULL, NULL, '[1,5]'),
  (43, NULL, NULL, 'Bio-remediation by plants and animals', 'IntegerDropdown', NULL, NULL, '[1,5]'),
  (44, NULL, NULL, 'Filtration/sequestration/storage/accumulation ', 'IntegerDropdown', NULL, NULL, '[1,5]'),
  (45, NULL, NULL, 'Filtration/sequestration/storage/accumulation by ecosystems ', 'IntegerDropdown', NULL, NULL, '[1,5]'),
  (46, NULL, NULL, 'Mass stabilisation and control of erosion rates', 'IntegerDropdown', NULL, NULL, '[1,5]'),
  (47, NULL, NULL, 'Buffering and attenuation of mass flows', 'IntegerDropdown', NULL, NULL, '[1,5]'),
  (48, NULL, NULL, 'Hydrological cycle and water flow maintenance', 'IntegerDropdown', NULL, NULL, '[1,5]'),
  (49, NULL, NULL, 'Flood protection', 'IntegerDropdown', NULL, NULL, '[1,5]'),
  (50, NULL, NULL, 'Storm protection', 'IntegerDropdown', NULL, NULL, '[1,5]'),
  (51, NULL, NULL, 'Pollination and seed dispersal', 'IntegerDropdown', NULL, NULL, '[1,5]'),
  (52, NULL, NULL, 'Maintaining nursery populations and habitats', 'IntegerDropdown', NULL, NULL, '[1,5]'),
  (53, NULL, NULL, 'Pest control', 'IntegerDropdown', NULL, NULL, '[1,5]'),
  (54, NULL, NULL, 'Disease control', 'IntegerDropdown', NULL, NULL, '[1,5]'),
  (55, NULL, NULL, 'Weathering processes', 'IntegerDropdown', NULL, NULL, '[1,5]'),
  (56, NULL, NULL, 'Decomposition and fixing processes', 'IntegerDropdown', NULL, NULL, '[1,5]'),
  (57, NULL, NULL, 'Chemical condition of freshwaters', 'IntegerDropdown', NULL, NULL, '[1,5]'),
  (58, NULL, NULL, 'Chemical condition of salt waters', 'IntegerDropdown', NULL, NULL, '[1,5]'),
  (59, NULL, NULL, 'Global climate regulation by reduction of greenhouse gas concentrations', 'IntegerDropdown', NULL, NULL, '[1,5]'),
  (60, NULL, NULL, 'Micro and regional climate regulation', 'IntegerDropdown', NULL, NULL, '[1,5]'),
  (61, NULL, NULL, 'Touristic activities ', 'IntegerDropdown', NULL, NULL, '[1,5]'),
  (62, NULL, NULL, 'Scientific', 'IntegerDropdown', NULL, NULL, '[1,5]'),
  (63, NULL, NULL, 'Educational', 'IntegerDropdown', NULL, NULL, '[1,5]'),
  (64, NULL, NULL, 'Heritage, cultural', 'IntegerDropdown', NULL, NULL, '[1,5]'),
  (65, NULL, NULL, 'Entertainment', 'IntegerDropdown', NULL, NULL, '[1,5]'),
  (66, NULL, NULL, 'Aesthetic', 'IntegerDropdown', NULL, NULL, '[1,5]'),
  (67, NULL, NULL, 'Symbolic', 'IntegerDropdown', NULL, NULL, '[1,5]'),
  (68, NULL, NULL, 'Sacred and/or religious', 'IntegerDropdown', NULL, NULL, '[1,5]'),
  (69, NULL, NULL, 'Existence', 'IntegerDropdown', NULL, NULL, '[1,5]'),
  (70, NULL, NULL, 'Bequest value for future generations', 'IntegerDropdown', NULL, NULL, '[1,5]'),
  (71, NULL, NULL, 'Agricultural product', 'Dropdown', NULL, NULL, NULL),
  (72, NULL, NULL, 'Destination (Agricultural product)', 'Dropdown', NULL, NULL, NULL),
  (73, NULL, NULL, 'Other product', 'Dropdown', NULL, NULL, NULL),
  (74, NULL, NULL, 'Land owner before', 'Dropdown', NULL, NULL, NULL),
  (75, NULL, NULL, 'Land owner now', 'Dropdown', NULL, NULL, NULL),
  (76, NULL, NULL, 'Number of local population involved', 'Integer', NULL, NULL, NULL),
  (77, NULL, NULL, 'Number of permanent employment generated', 'Integer', NULL, NULL, NULL),
  (78, NULL, NULL, 'Number of temporary employment generated', 'Integer', NULL, NULL, NULL),
  (79, NULL, NULL, 'Main constraints', 'Text', NULL, NULL, NULL),
  (80, NULL, NULL, 'Remark (Detailed focus of activity)', 'Text', NULL, NULL, NULL),
  (81, NULL, NULL, 'Remark (Land use)', 'Text', NULL, NULL, NULL),
  (82, NULL, NULL, 'Remark (Type of local stakeholder addressed)', 'Text', NULL, NULL, NULL),
  (83, NULL, NULL, 'Main focus of activity', 'Dropdown', NULL, NULL, NULL),
  (84, NULL, NULL, 'Destination (Other product)', 'Dropdown', NULL, NULL, NULL),
  (85, 1, 1, 'Name of activity', NULL, NULL, NULL, NULL),
  (86, 2, 1, 'Detailed focus of activity', NULL, NULL, NULL, NULL),
  (87, 3, 1, 'State of advancement', NULL, NULL, NULL, NULL),
  (88, 4, 1, 'Start date', NULL, NULL, NULL, NULL),
  (89, 5, 1, 'End date', NULL, NULL, NULL, NULL),
  (90, 6, 1, 'Total project budget (in USD)', NULL, 'USD', NULL, NULL),
  (91, 7, 1, 'Average annual budget (in USD)', NULL, 'USD', NULL, NULL),
  (92, 8, 1, 'Spatial accuracy of point', NULL, NULL, NULL, NULL),
  (93, 9, 1, 'District', NULL, NULL, NULL, NULL),
  (94, 10, 1, 'Commune', NULL, NULL, NULL, NULL),
  (95, 11, 1, 'Fokontany', NULL, NULL, NULL, NULL),
  (96, 12, 1, 'Data source', NULL, NULL, NULL, NULL),
  (97, 13, 1, 'File', NULL, NULL, NULL, NULL),
  (98, 14, 1, 'Date', NULL, NULL, NULL, NULL),
  (99, 15, 1, 'Remark', NULL, NULL, NULL, NULL),
  (100, 16, 1, 'URL / Web', NULL, NULL, NULL, NULL),
  (101, 17, 1, 'Goals of activity', NULL, NULL, NULL, NULL),
  (102, 18, 1, 'Land use', NULL, NULL, NULL, NULL),
  (103, 19, 1, 'Level of intervention', NULL, NULL, NULL, NULL),
  (104, 20, 1, 'Type of local stakeholder addressed', NULL, NULL, NULL, NULL),
  (105, 21, 1, 'Nobody else was working in this area in our field of interest', NULL, NULL, NULL, NULL),
  (106, 22, 1, 'The location is easily accessible', NULL, NULL, NULL, NULL),
  (107, 23, 1, 'The need for this activity is bigger than elsewhere in the country', NULL, NULL, NULL, NULL),
  (108, 24, 1, 'There was a local demand for our activity', NULL, NULL, NULL, NULL),
  (109, 25, 1, 'There was a national demand for our activity', NULL, NULL, NULL, NULL),
  (110, 26, 1, 'Somebody in the organization had personal ties to this location', NULL, NULL, NULL, NULL),
  (111, 27, 1, 'Other', NULL, NULL, NULL, NULL),
  (112, 28, 1, 'Cultivated crops', NULL, NULL, NULL, NULL),
  (113, 29, 1, 'Reared animals and their outputs', NULL, NULL, NULL, NULL),
  (114, 30, 1, 'Wild plants and their outputs', NULL, NULL, NULL, NULL),
  (115, 31, 1, 'Wild animals and their outputs', NULL, NULL, NULL, NULL),
  (116, 32, 1, 'Plants from in-situ aquaculture', NULL, NULL, NULL, NULL),
  (117, 33, 1, 'Animals from in-situ aquaculture', NULL, NULL, NULL, NULL),
  (118, 34, 1, 'Surface water for drinking', NULL, NULL, NULL, NULL),
  (119, 35, 1, 'Ground water for drinking', NULL, NULL, NULL, NULL),
  (120, 36, 1, 'Fibres and other materials from plants, or animals for direct use or processing', NULL, NULL, NULL, NULL),
  (121, 37, 1, 'Materials from plants, algae and animals for agricultural use', NULL, NULL, NULL, NULL),
  (122, 38, 1, 'Genetic materials from all biota', NULL, NULL, NULL, NULL),
  (123, 39, 1, 'Surface water for non-drinking purposes', NULL, NULL, NULL, NULL),
  (124, 40, 1, 'Ground water for non-drinking purposes', NULL, NULL, NULL, NULL),
  (125, 41, 1, 'Plant-based resources', NULL, NULL, NULL, NULL),
  (126, 42, 1, 'Animal-based resources', NULL, NULL, NULL, NULL),
  (127, 43, 1, 'Bio-remediation by plants and animals', NULL, NULL, NULL, NULL),
  (128, 44, 1, 'Filtration/sequestration/storage/accumulation ', NULL, NULL, NULL, NULL),
  (129, 45, 1, 'Filtration/sequestration/storage/accumulation by ecosystems ', NULL, NULL, NULL, NULL),
  (130, 46, 1, 'Mass stabilisation and control of erosion rates', NULL, NULL, NULL, NULL),
  (131, 47, 1, 'Buffering and attenuation of mass flows', NULL, NULL, NULL, NULL),
  (132, 48, 1, 'Hydrological cycle and water flow maintenance', NULL, NULL, NULL, NULL),
  (133, 49, 1, 'Flood protection', NULL, NULL, NULL, NULL),
  (134, 50, 1, 'Storm protection', NULL, NULL, NULL, NULL),
  (135, 51, 1, 'Pollination and seed dispersal', NULL, NULL, NULL, NULL),
  (136, 52, 1, 'Maintaining nursery populations and habitats', NULL, NULL, NULL, NULL),
  (137, 53, 1, 'Pest control', NULL, NULL, NULL, NULL),
  (138, 54, 1, 'Disease control', NULL, NULL, NULL, NULL),
  (139, 55, 1, 'Weathering processes', NULL, NULL, NULL, NULL),
  (140, 56, 1, 'Decomposition and fixing processes', NULL, NULL, NULL, NULL),
  (141, 57, 1, 'Chemical condition of freshwaters', NULL, NULL, NULL, NULL),
  (142, 58, 1, 'Chemical condition of salt waters', NULL, NULL, NULL, NULL),
  (143, 59, 1, 'Global climate regulation by reduction of greenhouse gas concentrations', NULL, NULL, NULL, NULL),
  (144, 60, 1, 'Micro and regional climate regulation', NULL, NULL, NULL, NULL),
  (145, 61, 1, 'Touristic activities ', NULL, NULL, NULL, NULL),
  (146, 62, 1, 'Scientific', NULL, NULL, NULL, NULL),
  (147, 63, 1, 'Educational', NULL, NULL, NULL, NULL),
  (148, 64, 1, 'Heritage, cultural', NULL, NULL, NULL, NULL),
  (149, 65, 1, 'Entertainment', NULL, NULL, NULL, NULL),
  (150, 66, 1, 'Aesthetic', NULL, NULL, NULL, NULL),
  (151, 67, 1, 'Symbolic', NULL, NULL, NULL, NULL),
  (152, 68, 1, 'Sacred and/or religious', NULL, NULL, NULL, NULL),
  (153, 69, 1, 'Existence', NULL, NULL, NULL, NULL),
  (154, 70, 1, 'Bequest value for future generations', NULL, NULL, NULL, NULL),
  (155, 71, 1, 'Agricultural product', NULL, NULL, NULL, NULL),
  (156, 72, 1, 'Destination', NULL, NULL, NULL, NULL),
  (157, 73, 1, 'Other product', NULL, NULL, NULL, NULL),
  (158, 74, 1, 'Land owner before', NULL, NULL, NULL, NULL),
  (159, 75, 1, 'Land owner now', NULL, NULL, NULL, NULL),
  (160, 76, 1, 'Number of local population involved', NULL, NULL, NULL, NULL),
  (161, 77, 1, 'Number of permanent employment generated', NULL, NULL, NULL, NULL),
  (162, 78, 1, 'Number of temporary employment generated', NULL, NULL, NULL, NULL),
  (163, 79, 1, 'Main constraints', NULL, NULL, NULL, NULL),
  (164, 80, 1, 'Remark', NULL, NULL, NULL, NULL),
  (165, 81, 1, 'Remark', NULL, NULL, NULL, NULL),
  (166, 82, 1, 'Remark', NULL, NULL, NULL, NULL),
  (167, 83, 1, 'Main focus of activity', NULL, NULL, NULL, NULL),
  (168, 84, 1, 'Destination', NULL, NULL, NULL, NULL)
;
SELECT setval('data.a_keys_id_seq', 168, true);

-- A_VALUES
INSERT INTO data.a_values (id, fk_a_value, fk_language, value, fk_a_key, "order") VALUES
  (1, NULL, 1, 'Conservation', 2, 1),
  (2, NULL, 1, 'Commercial agriculture', 2, 2),
  (3, NULL, 1, 'Subsistence agriculture', 2, 3),
  (4, NULL, 1, 'Forestry', 2, 4),
  (5, NULL, 1, 'Livestock (long cycle)', 2, 5),
  (6, NULL, 1, 'Marine fisheries', 2, 7),
  (7, NULL, 1, 'Freshwater fisheries', 2, 8),
  (8, NULL, 1, 'Water', 83, 11),
  (9, NULL, 1, 'Industrial mining', 2, 10),
  (10, NULL, 1, 'Education', 2, 12),
  (11, NULL, 1, 'Ecotourism', 2, 9),
  (12, NULL, 1, 'Governance', 2, 13),
  (13, NULL, 1, 'Land tenure', 2, 14),
  (14, NULL, 1, 'Research', 2, 15),
  (15, NULL, 1, 'Cultural', 2, 16),
  (16, NULL, 1, 'Communication', 2, 17),
  (17, NULL, 1, 'Financing', 2, 18),
  (18, NULL, 1, 'Other', 2, 25),
  (19, NULL, 1, 'Foreseen', 3, 1),
  (20, NULL, 1, 'Running', 3, 2),
  (21, NULL, 1, 'Finalised', 3, 3),
  (22, NULL, 1, 'District', 8, 1),
  (23, NULL, 1, 'Commune', 8, 2),
  (24, NULL, 1, 'Fokontany', 8, 3),
  (25, NULL, 1, 'Andapa', 9, NULL),
  (26, NULL, 1, 'Antalaha', 9, NULL),
  (27, NULL, 1, 'Fenoarivo-Est', 9, NULL),
  (28, NULL, 1, 'Mananara Avaratra', 9, NULL),
  (29, NULL, 1, 'Maroantsetra', 9, NULL),
  (30, NULL, 1, 'Sainte-Marie', 9, NULL),
  (31, NULL, 1, 'Soanierana Ivongo', 9, NULL),
  (32, NULL, 1, 'Vavatenina', 9, NULL),
  (33, NULL, 1, 'Ambahoabe', 10, NULL),
  (34, NULL, 1, 'Ambalabe', 10, NULL),
  (35, NULL, 1, 'Ambanizana', 10, NULL),
  (36, NULL, 1, 'Ambanizana', 10, NULL),
  (37, NULL, 1, 'Ambatoaranana Tsaratampona', 10, NULL),
  (38, NULL, 1, 'Ambatoharanana', 10, NULL),
  (39, NULL, 1, 'Communication', 83, 8),
  (40, NULL, 1, 'Ambinanitelo', 10, NULL),
  (41, NULL, 1, 'Ambodiampana', 10, NULL),
  (42, NULL, 1, 'Infrastructure', 83, 10),
  (43, NULL, 1, 'Ambodimanga', 10, NULL),
  (44, NULL, 1, 'Ambodimanga II', 10, NULL),
  (45, NULL, 1, 'Ambodimanga Rantabe', 10, NULL),
  (46, NULL, 1, 'Ambodimangavalo', 10, NULL),
  (47, NULL, 1, 'Ambodivoanio', 10, NULL),
  (48, NULL, 1, 'Ambohibe', 10, NULL),
  (49, NULL, 1, 'Ambohitralalana', 10, NULL),
  (50, NULL, 1, 'Ampanavoana', 10, NULL),
  (51, NULL, 1, 'Ampasimazava', 10, NULL),
  (52, NULL, 1, 'Ampasimbe Manantsatrana', 10, NULL),
  (53, NULL, 1, 'Ampasina_Maningory', 10, NULL),
  (54, NULL, 1, 'Anandrivola', 10, NULL),
  (55, NULL, 1, 'Andapafito', 10, NULL),
  (56, NULL, 1, 'Andasibe', 10, NULL),
  (57, NULL, 1, 'Livestock (short cycle)', 2, 6),
  (58, NULL, 1, 'Andranofotsy', 10, NULL),
  (59, NULL, 1, 'Androndrona_Anava', 10, NULL),
  (60, NULL, 1, 'Anjahambe', 10, NULL),
  (61, NULL, 1, 'Anjahana', 10, NULL),
  (62, NULL, 1, 'Anjanazana Ankadimbazaha', 10, NULL),
  (63, NULL, 1, 'Ankofa', 10, NULL),
  (64, NULL, 1, 'Ankofabe', 10, NULL),
  (65, NULL, 1, 'Antakotako', 10, NULL),
  (66, NULL, 1, 'Antalaha', 10, NULL),
  (67, NULL, 1, 'Antanambaobe', 10, NULL),
  (68, NULL, 1, 'Antanambe', 10, NULL),
  (69, NULL, 1, 'Antananivo', 10, NULL),
  (70, NULL, 1, 'Antanifotsy', 10, NULL),
  (71, NULL, 1, 'Antenina', 10, NULL),
  (72, NULL, 1, 'Antombana', 10, NULL),
  (73, NULL, 1, 'Antsiatsiaka', 10, NULL),
  (74, NULL, 1, 'Antsirabe-Sahatany', 10, NULL),
  (75, NULL, 1, 'Fenoarivo Atsinanana', 10, NULL),
  (76, NULL, 1, 'Fotsialanana', 10, NULL),
  (77, NULL, 1, 'Imorona', 10, NULL),
  (78, NULL, 1, 'Ivoloina', 10, NULL),
  (79, NULL, 1, 'Lonkintsy', 10, NULL),
  (80, NULL, 1, 'Mahalevona', 10, NULL),
  (81, NULL, 1, 'Mahambo', 10, NULL),
  (82, NULL, 1, 'Mahanoro', 10, NULL),
  (83, NULL, 1, 'Manambolo', 10, NULL),
  (84, NULL, 1, 'Manambolosy', 10, NULL),
  (85, NULL, 1, 'Mananara_Avaratra', 10, NULL),
  (86, NULL, 1, 'Manompana', 10, NULL),
  (87, NULL, 1, 'Maroantsetra', 10, NULL),
  (88, NULL, 1, 'Marofinaritra', 10, NULL),
  (89, NULL, 1, 'Maromitety', 10, NULL),
  (90, NULL, 1, 'Miarinarivo', 10, NULL),
  (91, NULL, 1, 'Miaromivalana I', 10, NULL),
  (92, NULL, 1, 'Morafeno', 10, NULL),
  (93, NULL, 1, 'Rantabe', 10, NULL),
  (94, NULL, 1, 'Sahatavy', 10, NULL),
  (95, NULL, 1, 'Sandrakatsy', 10, NULL),
  (96, NULL, 1, 'Saranambana', 10, NULL),
  (97, NULL, 1, 'Saromaona', 10, NULL),
  (98, NULL, 1, 'Soanierana-Ivongo', 10, NULL),
  (99, NULL, 1, 'Tanibe', 10, NULL),
  (100, NULL, 1, 'Vanono', 10, NULL),
  (101, NULL, 1, 'Vavatenina', 10, NULL),
  (102, NULL, 1, 'Vinanivao', 10, NULL),
  (103, NULL, 1, 'Vohilengo', 10, NULL),
  (104, NULL, 1, 'Vohipeno', 10, NULL),
  (105, NULL, 1, 'Interview', 12, NULL),
  (106, NULL, 1, 'Research paper', 12, NULL),
  (107, NULL, 1, 'Media article', 12, NULL),
  (108, NULL, 1, 'Internet', 12, NULL),
  (109, NULL, 1, 'Personal information', 12, NULL),
  (110, NULL, 1, 'Other', 12, NULL),
  (111, NULL, 1, 'Shifting cultivation (tavy, jinja)', 18, 1),
  (112, NULL, 1, 'Irrigated rice production for commercial use', 18, 2),
  (113, NULL, 1, 'Irrigated rice production for subsistence use', 18, 3),
  (114, NULL, 1, 'Agroforestry (or tree crops) for commercial use', 18, 4),
  (115, NULL, 1, 'Agroforestry (or tree crops) for subsistence use', 18, 5),
  (116, NULL, 1, 'Pasture', 18, 6),
  (117, NULL, 1, 'Homegardens (vegetable production) for commercial use', 18, 7),
  (118, NULL, 1, 'Homegardens (vegetable production) for subsistence use', 18, 8),
  (119, NULL, 1, 'Forestry for commercial use', 18, 9),
  (120, NULL, 1, 'Forestry for subsistence use', 18, 10),
  (121, NULL, 1, 'Forest conservation', 18, 11),
  (122, NULL, 1, 'Fisheries', 18, 12),
  (123, NULL, 1, 'Other (please specify)', 18, 14),
  (124, NULL, 1, 'Fokontany', 19, 1),
  (125, NULL, 1, 'Commune', 19, 2),
  (126, NULL, 1, 'District', 19, 3),
  (127, NULL, 1, 'Regional', 19, 4),
  (128, NULL, 1, 'National', 19, 5),
  (129, NULL, 1, 'International', 19, 6),
  (130, NULL, 1, 'Other', 19, 7),
  (131, NULL, 1, 'Men', 20, 1),
  (132, NULL, 1, 'Women', 20, 2),
  (133, NULL, 1, 'Youth', 20, 3),
  (134, NULL, 1, 'Children', 20, 4),
  (135, NULL, 1, 'Household', 20, 5),
  (136, NULL, 1, 'Group / Association', 20, 6),
  (137, NULL, 1, 'Church', 20, 7),
  (138, NULL, 1, 'Traditional authorities', 20, 8),
  (139, NULL, 1, 'Fokontany administration', 20, 9),
  (140, NULL, 1, 'Entire community', 20, 10),
  (141, NULL, 1, 'Other', 20, 11),
  (142, NULL, 1, 'Rice', 71, 1),
  (143, NULL, 1, 'Clove', 71, 2),
  (144, NULL, 1, 'Vanilla', 71, 3),
  (145, NULL, 1, 'Litchi', 71, 7),
  (146, NULL, 1, 'Coffee', 71, 4),
  (147, NULL, 1, 'Spices', 71, 8),
  (148, NULL, 1, 'Silk', 71, 9),
  (149, NULL, 1, 'Banana', 71, 10),
  (150, NULL, 1, 'Cocoa', 71, 5),
  (151, NULL, 1, 'Pineapple', 71, 11),
  (152, NULL, 1, 'Other fruits', 71, 16),
  (153, NULL, 1, 'Other vegetables', 71, 17),
  (154, NULL, 1, 'Export (International)', 72, 1),
  (155, NULL, 1, 'National level', 72, 2),
  (156, NULL, 1, 'Regional or communal level', 72, 3),
  (157, NULL, 1, 'Domestic use', 72, 4),
  (158, NULL, 1, 'Construction wood', 73, 1),
  (159, NULL, 1, 'Firewood', 73, 2),
  (160, NULL, 1, 'Metals', 73, 5),
  (161, NULL, 1, 'Tourism', 73, 6),
  (162, NULL, 1, 'Other', 73, 7),
  (163, NULL, 1, 'Export (International)', 84, 1),
  (164, NULL, 1, 'National level', 84, 2),
  (165, NULL, 1, 'Sub-national level', 84, 3),
  (166, NULL, 1, 'Domestic use', 84, 4),
  (167, NULL, 1, 'State', 74, 1),
  (168, NULL, 1, 'Company', 74, 2),
  (169, NULL, 1, 'Individual titled', 74, 3),
  (170, NULL, 1, 'Individual non-titled', 74, 4),
  (171, NULL, 1, 'Communal', 74, 5),
  (172, NULL, 1, 'Group', 74, 6),
  (173, NULL, 1, 'State', 75, 1),
  (174, NULL, 1, 'Company', 75, 2),
  (175, NULL, 1, 'Individual titled', 75, 3),
  (176, NULL, 1, 'Individual non-titled', 75, 4),
  (177, NULL, 1, 'Communal / Village', 75, 5),
  (178, NULL, 1, 'Group', 75, 6),
  (179, NULL, 1, 'Conservation', 83, 1),
  (180, NULL, 1, 'Agriculture', 83, 2),
  (181, NULL, 1, 'Fisheries', 83, 3),
  (182, NULL, 1, 'Tourism', 83, 4),
  (183, NULL, 1, 'Mining', 83, 5),
  (184, NULL, 1, 'Economic', 83, 6),
  (185, NULL, 1, 'Socio-cultural', 83, 7),
  (186, NULL, 1, 'Research', 83, 9),
  (187, NULL, 1, 'Artisanal Mining', 2, 11),
  (188, NULL, 1, 'Irrigation infrastructure construction', 2, 19),
  (189, NULL, 1, 'Road infrastructure construction', 2, 20),
  (190, NULL, 1, 'DRR or emergency relief', 83, 12),
  (191, NULL, 1, 'Water supply and management', 2, 21),
  (192, NULL, 1, 'Sanitation', 2, 22),
  (193, NULL, 1, 'Disaster risk reduction', 2, 23),
  (194, NULL, 1, 'Emergency relief', 2, 24),
  (195, NULL, 1, 'Settlements', 18, 13),
  (196, NULL, 1, 'Sugarcane', 71, 6),
  (197, NULL, 1, 'Honey', 71, 12),
  (198, NULL, 1, 'Poultry', 71, 13),
  (199, NULL, 1, 'Cattle', 71, 14),
  (200, NULL, 1, 'Porc', 71, 15),
  (201, NULL, 1, 'Raffia', 73, 3),
  (202, NULL, 1, 'Gems', 73, 4)
;
SELECT setval('data.a_values_id_seq', 202, true);


-- SH_KEYS
INSERT INTO data.sh_keys (id, fk_sh_key, fk_language, key, type, helptext, description, validator) VALUES
  (1, NULL, NULL, 'Stakeholder Name', 'String', NULL, NULL, NULL),
  (2, NULL, NULL, 'Country of origin', 'Dropdown', NULL, NULL, NULL),
  (3, NULL, NULL, 'Main domain of Natural Resource Management', 'Dropdown', NULL, NULL, NULL),
  (4, NULL, NULL, 'Type of stakeholder', 'Dropdown', NULL, NULL, NULL),
  (5, NULL, NULL, 'Website', 'String', NULL, NULL, NULL),
  (6, NULL, NULL, 'Address', 'Text', NULL, NULL, NULL),
  (7, NULL, NULL, 'Phone', 'String', NULL, NULL, NULL),
  (8, NULL, NULL, 'Start of involvement in Madagascar', 'Integer', NULL, NULL, '[1900]'),
  (9, NULL, NULL, 'Number of permanent local staff employed', 'Integer', NULL, NULL, '[0]'),
  (10, NULL, NULL, 'Number of permanent expatriate staff employed', 'Integer', NULL, NULL, '[0]'),
  (11, NULL, NULL, 'Approximate annual turnover (in USD)', 'Number', NULL, NULL, '[0]'),
  (12, NULL, NULL, 'Approximate annual total global budget (in USD)', 'Number', NULL, NULL, '[0]'),
  (13, NULL, NULL, 'General mission of stakeholder', 'Text', NULL, NULL, NULL),
  (14, NULL, NULL, 'Deforestation', 'IntegerDropdown', NULL, NULL, '[1,5]'),
  (15, NULL, NULL, 'Threatened biodiversity hotspot', 'IntegerDropdown', NULL, NULL, '[1,5]'),
  (16, NULL, NULL, 'Disasters', 'IntegerDropdown', NULL, NULL, '[1,5]'),
  (17, NULL, NULL, 'Malnutrition', 'IntegerDropdown', NULL, NULL, '[1,5]'),
  (18, NULL, NULL, 'Poverty', 'IntegerDropdown', NULL, NULL, '[1,5]'),
  (19, NULL, NULL, 'Governance', 'IntegerDropdown', NULL, NULL, '[1,5]'),
  (20, NULL, NULL, 'Gender inequalities', 'IntegerDropdown', NULL, NULL, '[1,5]'),
  (21, NULL, NULL, 'Low level of education', 'IntegerDropdown', NULL, NULL, '[1,5]'),
  (22, NULL, NULL, 'Other environmental problems', 'IntegerDropdown', NULL, NULL, '[1,5]'),
  (23, NULL, NULL, 'Other socio-economic problems', 'IntegerDropdown', NULL, NULL, '[1,5]'),
  (24, NULL, NULL, 'Environmental potential', 'IntegerDropdown', NULL, NULL, '[1,5]'),
  (25, NULL, NULL, 'Agricultural potential', 'IntegerDropdown', NULL, NULL, '[1,5]'),
  (26, NULL, NULL, 'Socio-economic potential', 'IntegerDropdown', NULL, NULL, '[1,5]'),
  (27, NULL, NULL, 'Favourable land prices', 'IntegerDropdown', NULL, NULL, '[1,5]'),
  (28, NULL, NULL, 'Easily accessible land for crop production', 'IntegerDropdown', NULL, NULL, '[1,5]'),
  (29, NULL, NULL, 'Favourable production conditions', 'IntegerDropdown', NULL, NULL, '[1,5]'),
  (30, NULL, NULL, 'Political instability', 'IntegerDropdown', NULL, NULL, '[1,5]'),
  (31, NULL, NULL, 'Climate change treaties', 'IntegerDropdown', NULL, NULL, '[1,5]'),
  (32, NULL, NULL, 'Your donors strategies', 'IntegerDropdown', NULL, NULL, '[1,5]'),
  (33, NULL, NULL, 'High level of public attention', 'IntegerDropdown', NULL, NULL, '[1,5]'),
  (34, NULL, NULL, 'Personal relations', 'IntegerDropdown', NULL, NULL, '[1,5]'),
  (35, NULL, NULL, 'Francophone country', 'IntegerDropdown', NULL, NULL, '[1,5]'),
  (36, NULL, NULL, 'Established contacts', 'IntegerDropdown', NULL, NULL, '[1,5]'),
  (37, NULL, NULL, '(Potential) prime tourism destination', 'IntegerDropdown', NULL, NULL, '[1,5]'),
  (38, NULL, NULL, 'Other (Reasons for involvement)', 'IntegerDropdown', NULL, NULL, '[1,5]'),
  (39, NULL, NULL, 'Political issues', 'IntegerDropdown', NULL, NULL, '[1,5]'),
  (40, NULL, NULL, 'Legal issues', 'IntegerDropdown', NULL, NULL, '[1,5]'),
  (41, NULL, NULL, 'Institutional issues', 'IntegerDropdown', NULL, NULL, '[1,5]'),
  (42, NULL, NULL, 'Politics in organisation''s home country', 'IntegerDropdown', NULL, NULL, '[1,5]'),
  (43, NULL, NULL, 'Agreements with other organisations', 'IntegerDropdown', NULL, NULL, '[1,5]'),
  (44, NULL, NULL, 'Knowledge produced by research', 'IntegerDropdown', NULL, NULL, '[1,5]'),
  (45, NULL, NULL, 'Donors strategies', 'IntegerDropdown', NULL, NULL, '[1,5]'),
  (46, NULL, NULL, 'Regional dynamics and factors', 'IntegerDropdown', NULL, NULL, '[1,5]'),
  (47, NULL, NULL, 'International dynamics and factors', 'IntegerDropdown', NULL, NULL, '[1,5]'),
  (48, NULL, NULL, 'Embeddedness', 'Checkbox', NULL, NULL, NULL),
  (49, NULL, NULL, 'Remark (Embeddedness)', 'Text', NULL, NULL, NULL),
  (50, NULL, NULL, 'Institutions respected', 'Checkbox', NULL, NULL, NULL),
  (51, NULL, NULL, 'Remark (Institutions respected)', 'Text', NULL, NULL, NULL),
  (52, NULL, NULL, 'Remark', 'Text', NULL, NULL, NULL),
  (53, 1, 1, 'Stakeholder Name', NULL, NULL, NULL, NULL),
  (54, 2, 1, 'Country of origin', NULL, NULL, NULL, NULL),
  (55, 3, 1, 'Main domain of Natural Resource Management', NULL, NULL, NULL, NULL),
  (56, 4, 1, 'Type of stakeholder', NULL, NULL, NULL, NULL),
  (57, 5, 1, 'Website', NULL, NULL, NULL, NULL),
  (58, 6, 1, 'Address', NULL, NULL, NULL, NULL),
  (59, 7, 1, 'Phone', NULL, NULL, NULL, NULL),
  (60, 8, 1, 'Start of involvement in Madagascar', NULL, 'Year', NULL, NULL),
  (61, 9, 1, 'Number of permanent local staff employed', NULL, NULL, NULL, NULL),
  (62, 10, 1, 'Number of permanent expatriate staff employed', NULL, NULL, NULL, NULL),
  (63, 11, 1, 'Approximate annual turnover (in USD)', NULL, 'USD', NULL, NULL),
  (64, 12, 1, 'Approximate annual total global budget (in USD)', NULL, 'USD', NULL, NULL),
  (65, 13, 1, 'General mission of stakeholder', NULL, NULL, NULL, NULL),
  (66, 14, 1, 'Deforestation', NULL, NULL, NULL, NULL),
  (67, 15, 1, 'Threatened biodiversity hotspot', NULL, NULL, NULL, NULL),
  (68, 16, 1, 'Disasters', NULL, NULL, NULL, NULL),
  (69, 17, 1, 'Malnutrition', NULL, NULL, NULL, NULL),
  (70, 18, 1, 'Poverty', NULL, NULL, NULL, NULL),
  (71, 19, 1, 'Governance', NULL, NULL, NULL, NULL),
  (72, 20, 1, 'Gender inequalities', NULL, NULL, NULL, NULL),
  (73, 21, 1, 'Low level of education', NULL, NULL, NULL, NULL),
  (74, 22, 1, 'Other environmental problems', NULL, NULL, NULL, NULL),
  (75, 23, 1, 'Other socio-economic problems', NULL, NULL, NULL, NULL),
  (76, 24, 1, 'Environmental potential', NULL, NULL, NULL, NULL),
  (77, 25, 1, 'Agricultural potential', NULL, NULL, NULL, NULL),
  (78, 26, 1, 'Socio-economic potential', NULL, NULL, NULL, NULL),
  (79, 27, 1, 'Favourable land prices', NULL, NULL, NULL, NULL),
  (80, 28, 1, 'Easily accessible land for crop production', NULL, NULL, NULL, NULL),
  (81, 29, 1, 'Favourable production conditions', NULL, NULL, NULL, NULL),
  (82, 30, 1, 'Political instability', NULL, NULL, NULL, NULL),
  (83, 31, 1, 'Climate change treaties', NULL, NULL, NULL, NULL),
  (84, 32, 1, 'Your donors strategies', NULL, NULL, NULL, NULL),
  (85, 33, 1, 'High level of public attention', NULL, NULL, NULL, NULL),
  (86, 34, 1, 'Personal relations', NULL, NULL, NULL, NULL),
  (87, 35, 1, 'Francophone country', NULL, NULL, NULL, NULL),
  (88, 36, 1, 'Established contacts', NULL, NULL, NULL, NULL),
  (89, 37, 1, '(Potential) prime tourism destination', NULL, NULL, NULL, NULL),
  (90, 38, 1, 'Other', NULL, NULL, NULL, NULL),
  (91, 39, 1, 'Political issues', NULL, NULL, NULL, NULL),
  (92, 40, 1, 'Legal issues', NULL, NULL, NULL, NULL),
  (93, 41, 1, 'Institutional issues', NULL, NULL, NULL, NULL),
  (94, 42, 1, 'Politics in organisation''s home country', NULL, NULL, NULL, NULL),
  (95, 43, 1, 'Agreements with other organisations', NULL, NULL, NULL, NULL),
  (96, 44, 1, 'Knowledge produced by research', NULL, NULL, NULL, NULL),
  (97, 45, 1, 'Donors strategies', NULL, NULL, NULL, NULL),
  (98, 46, 1, 'Regional dynamics and factors', NULL, NULL, NULL, NULL),
  (99, 47, 1, 'International dynamics and factors', NULL, NULL, NULL, NULL),
  (100, 48, 1, 'Embeddedness', NULL, NULL, NULL, NULL),
  (101, 49, 1, 'Remark', NULL, NULL, NULL, NULL),
  (102, 50, 1, 'Institutions respected', NULL, NULL, NULL, NULL),
  (103, 51, 1, 'Remark', NULL, NULL, NULL, NULL),
  (104, 52, 1, 'Remark', NULL, NULL, NULL, NULL)
;
SELECT setval('data.sh_keys_id_seq', 104, true);

-- SH_VALUES
INSERT INTO data.sh_values (id, fk_sh_value, fk_language, value, fk_sh_key, "order") VALUES
  (1, NULL, 1, 'Afghanistan', 2, NULL),
  (2, NULL, 1, 'Åland Islands', 2, NULL),
  (3, NULL, 1, 'Albania', 2, NULL),
  (4, NULL, 1, 'Algeria', 2, NULL),
  (5, NULL, 1, 'American Samoa', 2, NULL),
  (6, NULL, 1, 'Andorra', 2, NULL),
  (7, NULL, 1, 'Angola', 2, NULL),
  (8, NULL, 1, 'Anguilla', 2, NULL),
  (9, NULL, 1, 'Antarctica', 2, NULL),
  (10, NULL, 1, 'Antigua and Barbuda', 2, NULL),
  (11, NULL, 1, 'Argentina', 2, NULL),
  (12, NULL, 1, 'Armenia', 2, NULL),
  (13, NULL, 1, 'Aruba', 2, NULL),
  (14, NULL, 1, 'Australia', 2, NULL),
  (15, NULL, 1, 'Austria', 2, NULL),
  (16, NULL, 1, 'Azerbaijan', 2, NULL),
  (17, NULL, 1, 'Bahamas', 2, NULL),
  (18, NULL, 1, 'Bahrain', 2, NULL),
  (19, NULL, 1, 'Bangladesh', 2, NULL),
  (20, NULL, 1, 'Barbados', 2, NULL),
  (21, NULL, 1, 'Belarus', 2, NULL),
  (22, NULL, 1, 'Belgium', 2, NULL),
  (23, NULL, 1, 'Belize', 2, NULL),
  (24, NULL, 1, 'Benin', 2, NULL),
  (25, NULL, 1, 'Bermuda', 2, NULL),
  (26, NULL, 1, 'Bhutan', 2, NULL),
  (27, NULL, 1, 'Bolivia, Plurinational State of', 2, NULL),
  (28, NULL, 1, 'Bonaire, Sint Eustatius and Saba', 2, NULL),
  (29, NULL, 1, 'Bosnia and Herzegovina', 2, NULL),
  (30, NULL, 1, 'Botswana', 2, NULL),
  (31, NULL, 1, 'Bouvet Island', 2, NULL),
  (32, NULL, 1, 'Brazil', 2, NULL),
  (33, NULL, 1, 'British Indian Ocean Territory', 2, NULL),
  (34, NULL, 1, 'Virgin Islands, British', 2, NULL),
  (35, NULL, 1, 'Brunei Darussalam', 2, NULL),
  (36, NULL, 1, 'Bulgaria', 2, NULL),
  (37, NULL, 1, 'Burkina Faso', 2, NULL),
  (38, NULL, 1, 'Burundi', 2, NULL),
  (39, NULL, 1, 'Cambodia', 2, NULL),
  (40, NULL, 1, 'Cameroon', 2, NULL),
  (41, NULL, 1, 'Canada', 2, NULL),
  (42, NULL, 1, 'Cape Verde', 2, NULL),
  (43, NULL, 1, 'Cayman Islands', 2, NULL),
  (44, NULL, 1, 'Central African Republic', 2, NULL),
  (45, NULL, 1, 'Chad', 2, NULL),
  (46, NULL, 1, 'Chile', 2, NULL),
  (47, NULL, 1, 'China', 2, NULL),
  (48, NULL, 1, 'Christmas Island', 2, NULL),
  (49, NULL, 1, 'Cocos (Keeling) Islands', 2, NULL),
  (50, NULL, 1, 'Colombia', 2, NULL),
  (51, NULL, 1, 'Comoros', 2, NULL),
  (52, NULL, 1, 'Cook Islands', 2, NULL),
  (53, NULL, 1, 'Costa Rica', 2, NULL),
  (54, NULL, 1, 'Côte d''Ivoire', 2, NULL),
  (55, NULL, 1, 'Croatia', 2, NULL),
  (56, NULL, 1, 'Cuba', 2, NULL),
  (57, NULL, 1, 'Curaçao', 2, NULL),
  (58, NULL, 1, 'Cyprus', 2, NULL),
  (59, NULL, 1, 'Czech Republic', 2, NULL),
  (60, NULL, 1, 'Congo, the Democratic Republic of the', 2, NULL),
  (61, NULL, 1, 'Denmark', 2, NULL),
  (62, NULL, 1, 'Djibouti', 2, NULL),
  (63, NULL, 1, 'Dominica', 2, NULL),
  (64, NULL, 1, 'Dominican Republic', 2, NULL),
  (65, NULL, 1, 'Timor-Leste', 2, NULL),
  (66, NULL, 1, 'Ecuador', 2, NULL),
  (67, NULL, 1, 'Egypt', 2, NULL),
  (68, NULL, 1, 'El Salvador', 2, NULL),
  (69, NULL, 1, 'Equatorial Guinea', 2, NULL),
  (70, NULL, 1, 'Eritrea', 2, NULL),
  (71, NULL, 1, 'Estonia', 2, NULL),
  (72, NULL, 1, 'Ethiopia', 2, NULL),
  (73, NULL, 1, 'Falkland Islands (Malvinas)', 2, NULL),
  (74, NULL, 1, 'Faroe Islands', 2, NULL),
  (75, NULL, 1, 'Fiji', 2, NULL),
  (76, NULL, 1, 'Finland', 2, NULL),
  (77, NULL, 1, 'France', 2, NULL),
  (78, NULL, 1, 'French Guiana', 2, NULL),
  (79, NULL, 1, 'French Polynesia', 2, NULL),
  (80, NULL, 1, 'French Southern Territories', 2, NULL),
  (81, NULL, 1, 'Gabon', 2, NULL),
  (82, NULL, 1, 'Gambia', 2, NULL),
  (83, NULL, 1, 'Georgia', 2, NULL),
  (84, NULL, 1, 'Germany', 2, NULL),
  (85, NULL, 1, 'Ghana', 2, NULL),
  (86, NULL, 1, 'Gibraltar', 2, NULL),
  (87, NULL, 1, 'Greece', 2, NULL),
  (88, NULL, 1, 'Greenland', 2, NULL),
  (89, NULL, 1, 'Grenada', 2, NULL),
  (90, NULL, 1, 'Guadeloupe', 2, NULL),
  (91, NULL, 1, 'Guam', 2, NULL),
  (92, NULL, 1, 'Guatemala', 2, NULL),
  (93, NULL, 1, 'Guernsey', 2, NULL),
  (94, NULL, 1, 'Guinea', 2, NULL),
  (95, NULL, 1, 'Guinea-Bissau', 2, NULL),
  (96, NULL, 1, 'Guyana', 2, NULL),
  (97, NULL, 1, 'Haiti', 2, NULL),
  (98, NULL, 1, 'Heard Island and McDonald Islands', 2, NULL),
  (99, NULL, 1, 'Honduras', 2, NULL),
  (100, NULL, 1, 'Hong Kong', 2, NULL),
  (101, NULL, 1, 'Hungary', 2, NULL),
  (102, NULL, 1, 'Iceland', 2, NULL),
  (103, NULL, 1, 'India', 2, NULL),
  (104, NULL, 1, 'Indonesia', 2, NULL),
  (105, NULL, 1, 'Iran, Islamic Republic of', 2, NULL),
  (106, NULL, 1, 'Iraq', 2, NULL),
  (107, NULL, 1, 'Ireland', 2, NULL),
  (108, NULL, 1, 'Isle of Man', 2, NULL),
  (109, NULL, 1, 'Israel', 2, NULL),
  (110, NULL, 1, 'Italy', 2, NULL),
  (111, NULL, 1, 'Jamaica', 2, NULL),
  (112, NULL, 1, 'Japan', 2, NULL),
  (113, NULL, 1, 'Jersey', 2, NULL),
  (114, NULL, 1, 'Jordan', 2, NULL),
  (115, NULL, 1, 'Kazakhstan', 2, NULL),
  (116, NULL, 1, 'Kenya', 2, NULL),
  (117, NULL, 1, 'Kiribati', 2, NULL),
  (118, NULL, 1, 'Kuwait', 2, NULL),
  (119, NULL, 1, 'Kyrgyzstan', 2, NULL),
  (120, NULL, 1, 'Lao People''s Democratic Republic', 2, NULL),
  (121, NULL, 1, 'Latvia', 2, NULL),
  (122, NULL, 1, 'Lebanon', 2, NULL),
  (123, NULL, 1, 'Lesotho', 2, NULL),
  (124, NULL, 1, 'Liberia', 2, NULL),
  (125, NULL, 1, 'Libya', 2, NULL),
  (126, NULL, 1, 'Liechtenstein', 2, NULL),
  (127, NULL, 1, 'Lithuania', 2, NULL),
  (128, NULL, 1, 'Luxembourg', 2, NULL),
  (129, NULL, 1, 'Macao', 2, NULL),
  (130, NULL, 1, 'Macedonia, The Former Yugoslav Republic of', 2, NULL),
  (131, NULL, 1, 'Madagascar', 2, NULL),
  (132, NULL, 1, 'Malawi', 2, NULL),
  (133, NULL, 1, 'Malaysia', 2, NULL),
  (134, NULL, 1, 'Maldives', 2, NULL),
  (135, NULL, 1, 'Mali', 2, NULL),
  (136, NULL, 1, 'Malta', 2, NULL),
  (137, NULL, 1, 'Marshall Islands', 2, NULL),
  (138, NULL, 1, 'Martinique', 2, NULL),
  (139, NULL, 1, 'Mauritania', 2, NULL),
  (140, NULL, 1, 'Mauritius', 2, NULL),
  (141, NULL, 1, 'Mayotte', 2, NULL),
  (142, NULL, 1, 'Mexico', 2, NULL),
  (143, NULL, 1, 'Micronesia, Federated States of', 2, NULL),
  (144, NULL, 1, 'Moldova, Republic of', 2, NULL),
  (145, NULL, 1, 'Monaco', 2, NULL),
  (146, NULL, 1, 'Mongolia', 2, NULL),
  (147, NULL, 1, 'Montenegro', 2, NULL),
  (148, NULL, 1, 'Montserrat', 2, NULL),
  (149, NULL, 1, 'Morocco', 2, NULL),
  (150, NULL, 1, 'Mozambique', 2, NULL),
  (151, NULL, 1, 'Myanmar', 2, NULL),
  (152, NULL, 1, 'Namibia', 2, NULL),
  (153, NULL, 1, 'Nauru', 2, NULL),
  (154, NULL, 1, 'Nepal', 2, NULL),
  (155, NULL, 1, 'Netherlands', 2, NULL),
  (156, NULL, 1, 'New Caledonia', 2, NULL),
  (157, NULL, 1, 'New Zealand', 2, NULL),
  (158, NULL, 1, 'Nicaragua', 2, NULL),
  (159, NULL, 1, 'Niger', 2, NULL),
  (160, NULL, 1, 'Nigeria', 2, NULL),
  (161, NULL, 1, 'Niue', 2, NULL),
  (162, NULL, 1, 'Norfolk Island', 2, NULL),
  (163, NULL, 1, 'Korea, Democratic People''s Republic of', 2, NULL),
  (164, NULL, 1, 'Northern Mariana Islands', 2, NULL),
  (165, NULL, 1, 'Norway', 2, NULL),
  (166, NULL, 1, 'Oman', 2, NULL),
  (167, NULL, 1, 'Pakistan', 2, NULL),
  (168, NULL, 1, 'Palau', 2, NULL),
  (169, NULL, 1, 'Palestine, State of', 2, NULL),
  (170, NULL, 1, 'Panama', 2, NULL),
  (171, NULL, 1, 'Papua New Guinea', 2, NULL),
  (172, NULL, 1, 'Paraguay', 2, NULL),
  (173, NULL, 1, 'Peru', 2, NULL),
  (174, NULL, 1, 'Philippines', 2, NULL),
  (175, NULL, 1, 'Pitcairn', 2, NULL),
  (176, NULL, 1, 'Poland', 2, NULL),
  (177, NULL, 1, 'Portugal', 2, NULL),
  (178, NULL, 1, 'Puerto Rico', 2, NULL),
  (179, NULL, 1, 'Qatar', 2, NULL),
  (180, NULL, 1, 'Congo', 2, NULL),
  (181, NULL, 1, 'Réunion', 2, NULL),
  (182, NULL, 1, 'Romania', 2, NULL),
  (183, NULL, 1, 'Russian Federation', 2, NULL),
  (184, NULL, 1, 'Rwanda', 2, NULL),
  (185, NULL, 1, 'Saint Helena, Ascension and Tristan da Cunha', 2, NULL),
  (186, NULL, 1, 'Saint Kitts and Nevis', 2, NULL),
  (187, NULL, 1, 'Saint Lucia', 2, NULL),
  (188, NULL, 1, 'Saint Pierre and Miquelon', 2, NULL),
  (189, NULL, 1, 'Saint Vincent and the Grenadines', 2, NULL),
  (190, NULL, 1, 'Saint Barthélemy', 2, NULL),
  (191, NULL, 1, 'Saint Martin (French part)', 2, NULL),
  (192, NULL, 1, 'Samoa', 2, NULL),
  (193, NULL, 1, 'San Marino', 2, NULL),
  (194, NULL, 1, 'Sao Tome and Principe', 2, NULL),
  (195, NULL, 1, 'Saudi Arabia', 2, NULL),
  (196, NULL, 1, 'Senegal', 2, NULL),
  (197, NULL, 1, 'Serbia', 2, NULL),
  (198, NULL, 1, 'Seychelles', 2, NULL),
  (199, NULL, 1, 'Sierra Leone', 2, NULL),
  (200, NULL, 1, 'Singapore', 2, NULL),
  (201, NULL, 1, 'Sint Maarten (Dutch part)', 2, NULL),
  (202, NULL, 1, 'Slovakia', 2, NULL),
  (203, NULL, 1, 'Slovenia', 2, NULL),
  (204, NULL, 1, 'Solomon Islands', 2, NULL),
  (205, NULL, 1, 'Somalia', 2, NULL),
  (206, NULL, 1, 'South Africa', 2, NULL),
  (207, NULL, 1, 'South Georgia and the South Sandwich Islands', 2, NULL),
  (208, NULL, 1, 'Korea, Republic of', 2, NULL),
  (209, NULL, 1, 'South Sudan', 2, NULL),
  (210, NULL, 1, 'Spain', 2, NULL),
  (211, NULL, 1, 'Sri Lanka', 2, NULL),
  (212, NULL, 1, 'Sudan', 2, NULL),
  (213, NULL, 1, 'Suriname', 2, NULL),
  (214, NULL, 1, 'Svalbard and Jan Mayen', 2, NULL),
  (215, NULL, 1, 'Swaziland', 2, NULL),
  (216, NULL, 1, 'Sweden', 2, NULL),
  (217, NULL, 1, 'Switzerland', 2, NULL),
  (218, NULL, 1, 'Syrian Arab Republic', 2, NULL),
  (219, NULL, 1, 'Taiwan, Province of China', 2, NULL),
  (220, NULL, 1, 'Tajikistan', 2, NULL),
  (221, NULL, 1, 'Tanzania, United Republic of', 2, NULL),
  (222, NULL, 1, 'Thailand', 2, NULL),
  (223, NULL, 1, 'Togo', 2, NULL),
  (224, NULL, 1, 'Tokelau', 2, NULL),
  (225, NULL, 1, 'Tonga', 2, NULL),
  (226, NULL, 1, 'Trinidad and Tobago', 2, NULL),
  (227, NULL, 1, 'Tunisia', 2, NULL),
  (228, NULL, 1, 'Turkey', 2, NULL),
  (229, NULL, 1, 'Turkmenistan', 2, NULL),
  (230, NULL, 1, 'Turks and Caicos Islands', 2, NULL),
  (231, NULL, 1, 'Tuvalu', 2, NULL),
  (232, NULL, 1, 'Uganda', 2, NULL),
  (233, NULL, 1, 'Ukraine', 2, NULL),
  (234, NULL, 1, 'United Arab Emirates', 2, NULL),
  (235, NULL, 1, 'United Kingdom', 2, NULL),
  (236, NULL, 1, 'United States', 2, NULL),
  (237, NULL, 1, 'United States Minor Outlying Islands', 2, NULL),
  (238, NULL, 1, 'Uruguay', 2, NULL),
  (239, NULL, 1, 'Uzbekistan', 2, NULL),
  (240, NULL, 1, 'Vanuatu', 2, NULL),
  (241, NULL, 1, 'Holy See (Vatican City State)', 2, NULL),
  (242, NULL, 1, 'Venezuela, Bolivarian Republic of', 2, NULL),
  (243, NULL, 1, 'Viet Nam', 2, NULL),
  (244, NULL, 1, 'Virgin Islands, U.S.', 2, NULL),
  (245, NULL, 1, 'Wallis and Futuna', 2, NULL),
  (246, NULL, 1, 'Western Sahara', 2, NULL),
  (247, NULL, 1, 'Yemen', 2, NULL),
  (248, NULL, 1, 'Zambia', 2, NULL),
  (249, NULL, 1, 'Zimbabwe', 2, NULL),
  (250, NULL, 1, 'Conservation', 3, 1),
  (251, NULL, 1, 'Commercial agriculture', 3, 2),
  (252, NULL, 1, 'Subsistence agriculture', 3, 3),
  (253, NULL, 1, 'Forestry', 3, 4),
  (254, NULL, 1, 'Livestock (long cycle)', 3, 5),
  (255, NULL, 1, 'Marine fisheries', 3, 7),
  (256, NULL, 1, 'Freshwater fisheries', 3, 8),
  (257, NULL, 1, 'Livestock (short cycle)', 3, 6),
  (258, NULL, 1, 'Ecotourism', 3, 9),
  (259, NULL, 1, 'Industrial mining', 3, 10),
  (260, NULL, 1, 'Education', 3, 12),
  (261, NULL, 1, 'Governance', 3, 13),
  (262, NULL, 1, 'Land tenure', 3, 14),
  (263, NULL, 1, 'Research', 3, 15),
  (264, NULL, 1, 'Cultural', 3, 16),
  (265, NULL, 1, 'Communication', 3, 17),
  (266, NULL, 1, 'Financing', 3, 18),
  (267, NULL, 1, 'Other', 3, 25),
  (268, NULL, 1, 'National Government', 4, 1),
  (269, NULL, 1, 'International Government', 4, 2),
  (270, NULL, 1, 'National NGO', 4, 3),
  (271, NULL, 1, 'International NGO', 4, 4),
  (272, NULL, 1, 'Association', 4, 5),
  (273, NULL, 1, 'National state enterprise', 4, 6),
  (274, NULL, 1, 'National private enterprise', 4, 7),
  (275, NULL, 1, 'International state enterprise', 4, 8),
  (276, NULL, 1, 'International private enterprise', 4, 9),
  (277, NULL, 1, 'International Organisation (UN, Worldbank etc.)', 4, 10),
  (278, NULL, 1, 'International foundation / trust', 4, 11),
  (279, NULL, 1, 'National foundation / trust', 4, 12),
  (280, NULL, 1, 'National individual', 4, 13),
  (281, NULL, 1, 'International individual', 4, 14),
  (282, NULL, 1, 'Other', 4, 15),
  (283, NULL, 1, 'Ministère de l''Agriculture', 48, 1),
  (284, NULL, 1, 'Ministère de l''Environnement et des Forêts', 48, 2),
  (285, NULL, 1, 'Ministère du Tourisme ', 48, 3),
  (286, NULL, 1, 'Ministère de l''Aménagement du Territoire', 48, 4),
  (287, NULL, 1, 'Ministère de la Santé publique', 48, 5),
  (288, NULL, 1, 'Ministère de l''Enseignement supérieur', 48, 6),
  (289, NULL, 1, 'Ministère de l''Eau', 48, 7),
  (290, NULL, 1, 'Ministère de l''Elevage', 48, 8),
  (291, NULL, 1, 'Ministère de la Pêche et des Ressources halieutiques', 48, 9),
  (292, NULL, 1, 'Ministère de l''Economie et de l''Industrie', 48, 10),
  (293, NULL, 1, 'Ministère du Commerce', 48, 11),
  (294, NULL, 1, 'Ministère de la Décentralisation', 48, 12),
  (295, NULL, 1, 'Ministère de l''Education nationale', 48, 13),
  (296, NULL, 1, 'Ministère de l''Energie', 48, 14),
  (297, NULL, 1, 'Ministère des Finances et du Budget', 48, 15),
  (298, NULL, 1, 'Ministères des Mines', 48, 16),
  (299, NULL, 1, 'Ministère de la Population', 48, 17),
  (300, NULL, 1, 'Ministère des Travaux publics et de la Météorologie', 48, 18),
  (301, NULL, 1, 'Other (please specify)', 48, 19),
  (302, NULL, 1, 'Code de l''eau', 50, 1),
  (303, NULL, 1, 'Code minier', 50, 2),
  (304, NULL, 1, 'Code des aires protégées', 50, 3),
  (305, NULL, 1, 'GELOSE', 50, 4),
  (306, NULL, 1, 'Environmental Impact Assessment', 50, 5),
  (307, NULL, 1, 'Other (please specify)', 50, 6),
  (308, NULL, 1, 'Artisanal mining', 3, 11),
  (309, NULL, 1, 'Irrigation infrastructure construction', 3, 19),
  (310, NULL, 1, 'Road infrastructure construction', 3, 20),
  (311, NULL, 1, 'Water supply and management', 3, 21),
  (312, NULL, 1, 'Sanitation', 3, 22),
  (313, NULL, 1, 'Disaster risk reduction', 3, 23),
  (314, NULL, 1, 'Emergency relief', 3, 24)
;
SELECT setval('data.sh_values_id_seq', 314, true);

-- PROFILES
INSERT INTO data.profiles (id, code, polygon) VALUES
  (1, 'madagascar', '0103000020E610000001000000050000001F85EB51B89E45406666666666E627C000000000004049406666666666E627C00000000000404940D7A3703D0A9739C01F85EB51B89E4540D7A3703D0A9739C01F85EB51B89E45406666666666E627C0');
SELECT setval('data.profiles_id_seq', 1, true);

INSERT INTO data.users_profiles(id, fk_user, fk_profile) VALUES 
  (1, 1, 1)
;
SELECT setval('data.users_profiles_id_seq', 1, true);

-- STAKEHOLDER_ROLES
INSERT INTO data.stakeholder_roles(id, name, description) VALUES
  (1, 'Implementer', NULL),
  (2, 'Donor', NULL),
  (3, 'Researcher', NULL),
  (4, 'Buyer', NULL),
  (5, 'Other', NULL)
;
SELECT setval('data.stakeholder_roles_id_seq', 5, true);

-- LANGUAGES
INSERT INTO data.languages(id, english_name, local_name, locale) VALUES
    (2, 'French', 'Français', 'fr')
;
SELECT setval('data.languages_id_seq', 2, true);